1,AC,https://s1.cdn.autoevolution.com/images/producers/ac-sm.jpg
2,ACURA,https://s1.cdn.autoevolution.com/images/producers/acura-sm.jpg
3,ALFA ROMEO,https://s1.cdn.autoevolution.com/images/producers/alfa-romeo-sm.jpg
4,ALPINE,https://s1.cdn.autoevolution.com/images/producers/alpine-sm.jpg
5,ARIEL,https://s1.cdn.autoevolution.com/images/producers/ariel-sm.jpg
6,ARO,https://s1.cdn.autoevolution.com/images/producers/aro-sm.jpg
7,ARTEGA,https://s1.cdn.autoevolution.com/images/producers/artega-sm.jpg
8,ASTON MARTIN,https://s1.cdn.autoevolution.com/images/producers/aston-martin-sm.jpg
9,AUDI,https://s1.cdn.autoevolution.com/images/producers/audi-sm.jpg
10,AURUS,https://s1.cdn.autoevolution.com/images/producers/aurus-sm.jpg
11,BENTLEY,https://s1.cdn.autoevolution.com/images/producers/bentley-sm.jpg
12,BMW,https://s1.cdn.autoevolution.com/images/producers/bmw-sm.jpg
13,BRISTOL,https://s1.cdn.autoevolution.com/images/producers/bristol-sm.jpg
14,BUFORI,https://s1.cdn.autoevolution.com/images/producers/bufori-sm.jpg
15,BUGATTI,https://s1.cdn.autoevolution.com/images/producers/bugatti-sm.jpg
16,BUICK,https://s1.cdn.autoevolution.com/images/producers/buick-sm.jpg
17,CADILLAC,https://s1.cdn.autoevolution.com/images/producers/cadillac-sm.jpg
18,CATERHAM,https://s1.cdn.autoevolution.com/images/producers/caterham-sm.jpg
19,CHEVROLET,https://s1.cdn.autoevolution.com/images/producers/chevrolet-sm.jpg
20,CHRYSLER,https://s1.cdn.autoevolution.com/images/producers/chrysler-sm.jpg
21,CITROEN,https://s1.cdn.autoevolution.com/images/producers/citroen-sm.jpg
22,CUPRA,https://s1.cdn.autoevolution.com/images/producers/cupra-sm.jpg
23,DACIA,https://s1.cdn.autoevolution.com/images/producers/dacia-sm.jpg
24,DAEWOO,https://s1.cdn.autoevolution.com/images/producers/daewoo-sm.jpg
25,DAIHATSU,https://s1.cdn.autoevolution.com/images/producers/daihatsu-sm.jpg
26,DATSUN,https://s1.cdn.autoevolution.com/images/producers/datsun-sm.jpg
27,DeLorean,https://s1.cdn.autoevolution.com/images/producers/delorean-sm.jpg
28,DODGE,https://s1.cdn.autoevolution.com/images/producers/dodge-sm.jpg
29,DONKERVOORT,https://s1.cdn.autoevolution.com/images/producers/donkervoort-sm.jpg
30,DR MOTOR,https://s1.cdn.autoevolution.com/images/producers/dr-motor-sm.jpg
31,DS AUTOMOBILES,https://s1.cdn.autoevolution.com/images/producers/ds-automobiles-sm.jpg
32,EAGLE,https://s1.cdn.autoevolution.com/images/producers/eagle-sm.jpg
33,FERRARI,https://s1.cdn.autoevolution.com/images/producers/ferrari-sm.jpg
34,FIAT,https://s1.cdn.autoevolution.com/images/producers/fiat-sm.jpg
35,FISKER,https://s1.cdn.autoevolution.com/images/producers/fisker-sm.jpg
36,FORD,https://s1.cdn.autoevolution.com/images/producers/ford-sm.jpg
37,FSO,https://s1.cdn.autoevolution.com/images/producers/fso-sm.jpg
38,GEELY,https://s1.cdn.autoevolution.com/images/producers/geely-sm.jpg
39,GENESIS,https://s1.cdn.autoevolution.com/images/producers/genesis-sm.jpg
40,GMC,https://s1.cdn.autoevolution.com/images/producers/gmc-sm.jpg
41,GORDON MURRAY Automotive,https://s1.cdn.autoevolution.com/images/producers/gordon-murray-automotive-sm.jpg
42,GTA Motor,https://s1.cdn.autoevolution.com/images/producers/gta-motor-sm.jpg
43,HINDUSTAN,https://s1.cdn.autoevolution.com/images/producers/hindustan-sm.jpg
44,HOLDEN,https://s1.cdn.autoevolution.com/images/producers/holden-sm.jpg
45,HONDA,https://s1.cdn.autoevolution.com/images/producers/honda-sm.jpg
46,HUMMER,https://s1.cdn.autoevolution.com/images/producers/hummer-sm.jpg
47,HYUNDAI,https://s1.cdn.autoevolution.com/images/producers/hyundai-sm.jpg
48,INEOS,https://s1.cdn.autoevolution.com/images/producers/ineos-sm.jpg
49,INFINITI,https://s1.cdn.autoevolution.com/images/producers/infiniti-sm.jpg
50,ISUZU,https://s1.cdn.autoevolution.com/images/producers/isuzu-sm.jpg
51,JAGUAR,https://s1.cdn.autoevolution.com/images/producers/jaguar-sm.jpg
52,JEEP,https://s1.cdn.autoevolution.com/images/producers/jeep-sm.jpg
53,Karma,https://s1.cdn.autoevolution.com/images/producers/karma-sm.jpg
54,KIA,https://s1.cdn.autoevolution.com/images/producers/kia-sm.jpg
55,KOENIGSEGG,https://s1.cdn.autoevolution.com/images/producers/koenigsegg-sm.jpg
56,KTM,https://s1.cdn.autoevolution.com/images/producers/ktm-sm.jpg
57,LADA,https://s1.cdn.autoevolution.com/images/producers/lada-sm.jpg
58,LAMBORGHINI,https://s1.cdn.autoevolution.com/images/producers/lamborghini-sm.jpg
59,LANCIA,https://s1.cdn.autoevolution.com/images/producers/lancia-sm.jpg
60,LAND ROVER,https://s1.cdn.autoevolution.com/images/producers/land-rover-sm.jpg
61,LEXUS,https://s1.cdn.autoevolution.com/images/producers/lexus-sm.jpg
62,LIGHTYEAR,https://s1.cdn.autoevolution.com/images/producers/lightyear-sm.jpg
63,LINCOLN,https://s1.cdn.autoevolution.com/images/producers/lincoln-sm.jpg
64,LOTUS,https://s1.cdn.autoevolution.com/images/producers/lotus-sm.jpg
65,Lucid Motors,https://s1.cdn.autoevolution.com/images/producers/lucid-motors-sm.jpg
66,Mahindra,https://s1.cdn.autoevolution.com/images/producers/mahindra-sm.jpg
67,MARUSSIA,https://s1.cdn.autoevolution.com/images/producers/marussia-sm.jpg
68,MARUTI SUZUKI,https://s1.cdn.autoevolution.com/images/producers/maruti-suzuki-sm.jpg
69,MASERATI,https://s1.cdn.autoevolution.com/images/producers/maserati-sm.jpg
70,MAYBACH,https://s1.cdn.autoevolution.com/images/producers/maybach-sm.jpg
71,MAZDA,https://s1.cdn.autoevolution.com/images/producers/mazda-sm.jpg
72,MCLAREN,https://s1.cdn.autoevolution.com/images/producers/mclaren-sm.jpg
73,MERCEDES BENZ,https://s1.cdn.autoevolution.com/images/producers/mercedes-benz-sm.jpg
74,Mercedes-AMG,https://s1.cdn.autoevolution.com/images/producers/mercedes-amg-sm.jpg
75,MERCURY,https://s1.cdn.autoevolution.com/images/producers/mercury-sm.jpg
76,MG,https://s1.cdn.autoevolution.com/images/producers/mg-sm.jpg
77,MINI,https://s1.cdn.autoevolution.com/images/producers/mini-sm.jpg
78,MITSUBISHI,https://s1.cdn.autoevolution.com/images/producers/mitsubishi-sm.jpg
79,MORGAN,https://s1.cdn.autoevolution.com/images/producers/morgan-sm.jpg
80,NIO,https://s1.cdn.autoevolution.com/images/producers/nio-sm.jpg
81,NISSAN,https://s1.cdn.autoevolution.com/images/producers/nissan-sm.jpg
82,OLDSMOBILE,https://s1.cdn.autoevolution.com/images/producers/oldsmobile-sm.jpg
83,OPEL,https://s1.cdn.autoevolution.com/images/producers/opel-sm.jpg
84,PAGANI,https://s1.cdn.autoevolution.com/images/producers/pagani-sm.jpg
85,PANOZ,https://s1.cdn.autoevolution.com/images/producers/panoz-sm.jpg
86,PERODUA,https://s1.cdn.autoevolution.com/images/producers/perodua-sm.jpg
87,PEUGEOT,https://s1.cdn.autoevolution.com/images/producers/peugeot-sm.jpg
88,Pininfarina,https://s1.cdn.autoevolution.com/images/producers/pininfarina-sm.jpg
89,PLYMOUTH,https://s1.cdn.autoevolution.com/images/producers/plymouth-sm.jpg
90,Polestar,https://s1.cdn.autoevolution.com/images/producers/polestar-sm.jpg
91,PONTIAC,https://s1.cdn.autoevolution.com/images/producers/pontiac-sm.jpg
92,PORSCHE,https://s1.cdn.autoevolution.com/images/producers/porsche-sm.jpg
93,PROTON,https://s1.cdn.autoevolution.com/images/producers/proton-sm.jpg
94,QOROS,https://s1.cdn.autoevolution.com/images/producers/qoros-sm.jpg
95,RAM Trucks,https://s1.cdn.autoevolution.com/images/producers/ram-trucks-sm.jpg
96,RENAULT,https://s1.cdn.autoevolution.com/images/producers/renault-sm.jpg
97,RIMAC,https://s1.cdn.autoevolution.com/images/producers/rimac-sm.jpg
98,RIVIAN,https://s1.cdn.autoevolution.com/images/producers/rivian-sm.jpg
99,ROLLS-ROYCE,https://s1.cdn.autoevolution.com/images/producers/rolls-royce-sm.jpg
100,SAAB,https://s1.cdn.autoevolution.com/images/producers/saab-sm.jpg
101,SALEEN,https://s1.cdn.autoevolution.com/images/producers/saleen-sm.jpg
102,SAMSUNG,https://s1.cdn.autoevolution.com/images/producers/samsung-sm.jpg
103,SANTANA,https://s1.cdn.autoevolution.com/images/producers/santana-sm.jpg
104,SATURN,https://s1.cdn.autoevolution.com/images/producers/saturn-sm.jpg
105,SCION,https://s1.cdn.autoevolution.com/images/producers/scion-sm.jpg
106,SEAT,https://s1.cdn.autoevolution.com/images/producers/seat-sm.jpg
107,SKODA,https://s1.cdn.autoevolution.com/images/producers/skoda-sm.jpg
108,SMART,https://s1.cdn.autoevolution.com/images/producers/smart-sm.jpg
109,SPYKER,https://s1.cdn.autoevolution.com/images/producers/spyker-sm.jpg
110,SSANGYONG,https://s1.cdn.autoevolution.com/images/producers/ssangyong-sm.jpg
111,SUBARU,https://s1.cdn.autoevolution.com/images/producers/subaru-sm.jpg
112,SUZUKI,https://s1.cdn.autoevolution.com/images/producers/suzuki-sm.jpg
113,TATA MOTORS,https://s1.cdn.autoevolution.com/images/producers/tata-motors-sm.jpg
114,TESLA,https://s1.cdn.autoevolution.com/images/producers/tesla-sm.jpg
115,TOYOTA,https://s1.cdn.autoevolution.com/images/producers/toyota-sm.jpg
116,TVR,https://s1.cdn.autoevolution.com/images/producers/tvr-sm.jpg
117,VAUXHALL,https://s1.cdn.autoevolution.com/images/producers/vauxhall-sm.jpg
118,VinFast,https://s1.cdn.autoevolution.com/images/producers/vinfast-sm.jpg
119,VOLKSWAGEN,https://s1.cdn.autoevolution.com/images/producers/volkswagen-sm.jpg
120,VOLVO,https://s1.cdn.autoevolution.com/images/producers/volvo-sm.jpg
121,WIESMANN,https://s1.cdn.autoevolution.com/images/producers/wiesmann-sm.jpg
122,Xpeng,https://s1.cdn.autoevolution.com/images/producers/xpeng-sm.jpg
123,ZENDER,https://s1.cdn.autoevolution.com/images/producers/zender-sm.jpg
124,Zenvo,https://s1.cdn.autoevolution.com/images/producers/zenvo-sm.jpg
